{
    "Title": "GoldenEye",
    "Year": "1995",
    "Rated": "PG-13",
    "Released": "17 Nov 1995",
    "Runtime": "130 min",
    "Genre": "Action, Adventure, Thriller",
    "Director": "Martin Campbell",
    "Writer": "Ian Fleming (characters), Michael France (story), Jeffrey Caine (screenplay), Bruce Feirstein (screenplay)",
    "Actors": "Pierce Brosnan, Sean Bean, Izabella Scorupco, Famke Janssen",
    "Plot": "Years after a friend and fellow 00 agent is killed on a joint mission, a secret space based weapons program known as \"GoldenEye\" is stolen. James Bond sets out to stop a Russian crime syndicate from using the weapon.",
    "Language": "English, Russian, Spanish",
    "Country": "UK, USA",
    "Awards": "Nominated for 2 BAFTA Film Awards. Another 2 wins & 6 nominations.",
    "Poster": "https://m.media-amazon.com/images/M/MV5BMzk2OTg4MTk1NF5BMl5BanBnXkFtZTcwNjExNTgzNA@@._V1_SX300.jpg",
    "Ratings": [
      {
        "Source": "Internet Movie Database",
        "Value": "7.2/10"
      },
      {
        "Source": "Rotten Tomatoes",
        "Value": "78%"
      },
      {
        "Source": "Metacritic",
        "Value": "65/100"
      }
    ],
    "Metascore": "65",
    "imdbRating": "7.2",
    "imdbVotes": "233,822",
    "imdbID": "tt0113189",
    "Type": "movie",
    "DVD": "19 Oct 1999",
    "BoxOffice": "N/A",
    "Production": "MGM/UA",
    "Website": "N/A",
    "Response": "True",
    "url":"http://localhost:3000/movies/10"
  }