{
    "Title": "Grumpier Old Men",
    "Year": "1995",
    "Rated": "PG-13",
    "Released": "22 Dec 1995",
    "Runtime": "101 min",
    "Genre": "Comedy, Romance",
    "Director": "Howard Deutch",
    "Writer": "Mark Steven Johnson (characters), Mark Steven Johnson",
    "Actors": "Walter Matthau, Jack Lemmon, Sophia Loren, Ann-Margret",
    "Plot": "John and Max resolve to save their beloved bait shop from turning into an Italian restaurant, just as its new female owner catches Max's attention.",
    "Language": "English, Italian, German",
    "Country": "USA",
    "Awards": "2 wins & 2 nominations.",
    "Poster": "https://m.media-amazon.com/images/M/MV5BMjQxM2YyNjMtZjUxYy00OGYyLTg0MmQtNGE2YzNjYmUyZTY1XkEyXkFqcGdeQXVyMTQxNzMzNDI@._V1_SX300.jpg",
    "Ratings": [
      {
        "Source": "Internet Movie Database",
        "Value": "6.7/10"
      },
      {
        "Source": "Rotten Tomatoes",
        "Value": "17%"
      },
      {
        "Source": "Metacritic",
        "Value": "46/100"
      }
    ],
    "Metascore": "46",
    "imdbRating": "6.7",
    "imdbVotes": "23,736",
    "imdbID": "tt0113228",
    "Type": "movie",
    "DVD": "18 Nov 1997",
    "BoxOffice": "N/A",
    "Production": "Warner Home Video",
    "Website": "N/A",
    "Response": "True",
    "url":"http://localhost:3000/movies/3"
  }