{
    "Title": "Waiting to Exhale",
    "Year": "1995",
    "Rated": "R",
    "Released": "22 Dec 1995",
    "Runtime": "124 min",
    "Genre": "Comedy, Drama, Romance",
    "Director": "Forest Whitaker",
    "Writer": "Terry McMillan (novel), Terry McMillan (screenplay), Ronald Bass (screenplay)",
    "Actors": "Whitney Houston, Angela Bassett, Loretta Devine, Lela Rochon",
    "Plot": "Based on Terry McMillan's novel, this film follows four very different African-American women and their relationships with the male gender.",
    "Language": "English",
    "Country": "USA",
    "Awards": "9 wins & 10 nominations.",
    "Poster": "https://m.media-amazon.com/images/M/MV5BYzcyMDY2YWQtYWJhYy00OGQ2LTk4NzktYWJkNDYwZWJmY2RjXkEyXkFqcGdeQXVyMTA0MjU0Ng@@._V1_SX300.jpg",
    "Ratings": [
      {
        "Source": "Internet Movie Database",
        "Value": "5.9/10"
      },
      {
        "Source": "Rotten Tomatoes",
        "Value": "56%"
      }
    ],
    "Metascore": "N/A",
    "imdbRating": "5.9",
    "imdbVotes": "9,272",
    "imdbID": "tt0114885",
    "Type": "movie",
    "DVD": "06 Mar 2001",
    "BoxOffice": "N/A",
    "Production": "Twentieth Century Fox Home Entertainment",
    "Website": "N/A",
    "Response": "True",
    "url":"http://localhost:3000/movies/4"
  }