{
    "Title": "Father of the Bride Part II",
    "Year": "1995",
    "Rated": "PG",
    "Released": "08 Dec 1995",
    "Runtime": "106 min",
    "Genre": "Comedy, Family, Romance",
    "Director": "Charles Shyer",
    "Writer": "Albert Hackett (screenplay \"Father's Little Dividend\"), Frances Goodrich (screenplay \"Father's Little Dividend\"), Nancy Meyers (screenplay), Charles Shyer (screenplay)",
    "Actors": "Steve Martin, Diane Keaton, Martin Short, Kimberly Williams-Paisley",
    "Plot": "George Banks must deal not only with the pregnancy of his daughter, but also with the unexpected pregnancy of his wife.",
    "Language": "English",
    "Country": "USA",
    "Awards": "Nominated for 1 Golden Globe. Another 1 win & 1 nomination.",
    "Poster": "https://m.media-amazon.com/images/M/MV5BOTEyNzg5NjYtNDU4OS00MWYxLWJhMTItYWU4NTkyNDBmM2Y0XkEyXkFqcGdeQXVyMTQxNzMzNDI@._V1_SX300.jpg",
    "Ratings": [
      {
        "Source": "Internet Movie Database",
        "Value": "6.0/10"
      },
      {
        "Source": "Rotten Tomatoes",
        "Value": "48%"
      },
      {
        "Source": "Metacritic",
        "Value": "49/100"
      }
    ],
    "Metascore": "49",
    "imdbRating": "6.0",
    "imdbVotes": "33,337",
    "imdbID": "tt0113041",
    "Type": "movie",
    "DVD": "09 May 2000",
    "BoxOffice": "N/A",
    "Production": "Disney",
    "Website": "N/A",
    "Response": "True",
    "url":"http://localhost:3000/movies/5"
  }