{
    "Title": "Heat",
    "Year": "1995",
    "Rated": "R",
    "Released": "15 Dec 1995",
    "Runtime": "170 min",
    "Genre": "Crime, Drama, Thriller",
    "Director": "Michael Mann",
    "Writer": "Michael Mann",
    "Actors": "Al Pacino, Robert De Niro, Val Kilmer, Jon Voight",
    "Plot": "A group of professional bank robbers start to feel the heat from police when they unknowingly leave a clue at their latest heist.",
    "Language": "English, Spanish",
    "Country": "USA",
    "Awards": "14 nominations.",
    "Poster": "https://m.media-amazon.com/images/M/MV5BMDJjNWE5MTEtMDk2Mi00ZjczLWIwYjAtNzM2ZTdhNzcwOGZjXkEyXkFqcGdeQXVyNDIzMzcwNjc@._V1_SX300.jpg",
    "Ratings": [
      {
        "Source": "Internet Movie Database",
        "Value": "8.2/10"
      },
      {
        "Source": "Rotten Tomatoes",
        "Value": "87%"
      },
      {
        "Source": "Metacritic",
        "Value": "76/100"
      }
    ],
    "Metascore": "76",
    "imdbRating": "8.2",
    "imdbVotes": "560,172",
    "imdbID": "tt0113277",
    "Type": "movie",
    "DVD": "27 Jul 1999",
    "BoxOffice": "N/A",
    "Production": "Warner Bros.",
    "Website": "N/A",
    "Response": "True",
    "url":"http://localhost:3000/movies/6"
  }