{
    "Title": "Sabrina",
    "Year": "1995",
    "Rated": "PG",
    "Released": "15 Dec 1995",
    "Runtime": "127 min",
    "Genre": "Comedy, Drama, Romance",
    "Director": "Sydney Pollack",
    "Writer": "Samuel A. Taylor (play), Billy Wilder (earlier screenplay), Samuel A. Taylor (earlier screenplay), Ernest Lehman (earlier screenplay), Barbara Benedek (screenplay), David Rayfiel (screenplay)",
    "Actors": "Harrison Ford, Julia Ormond, Greg Kinnear, Nancy Marchand",
    "Plot": "An ugly duckling having undergone a remarkable change, still harbors feelings for her crush: a carefree playboy, but not before his business-focused brother has something to say about it.",
    "Language": "English, French",
    "Country": "Germany, USA",
    "Awards": "Nominated for 2 Oscars. Another 2 wins & 4 nominations.",
    "Poster": "https://m.media-amazon.com/images/M/MV5BYjQ5ZjQ0YzQtOGY3My00MWVhLTgzNWItOTYwMTE5N2ZiMDUyXkEyXkFqcGdeQXVyNjUwMzI2NzU@._V1_SX300.jpg",
    "Ratings": [
      {
        "Source": "Internet Movie Database",
        "Value": "6.3/10"
      },
      {
        "Source": "Rotten Tomatoes",
        "Value": "65%"
      },
      {
        "Source": "Metacritic",
        "Value": "56/100"
      }
    ],
    "Metascore": "56",
    "imdbRating": "6.3",
    "imdbVotes": "35,527",
    "imdbID": "tt0114319",
    "Type": "movie",
    "DVD": "15 Jan 2002",
    "BoxOffice": "N/A",
    "Production": "Paramount",
    "Website": "N/A",
    "Response": "True",
    "url":"http://localhost:3000/movies/7"
  }