{
    "Title": "Tom and Huck",
    "Year": "1995",
    "Rated": "PG",
    "Released": "22 Dec 1995",
    "Runtime": "97 min",
    "Genre": "Adventure, Comedy, Drama, Family, Romance, Western",
    "Director": "Peter Hewitt",
    "Writer": "Mark Twain (novel), Stephen Sommers (screenplay), David Loughery (screenplay)",
    "Actors": "Jonathan Taylor Thomas, Brad Renfro, Eric Schweig, Charles Rocket",
    "Plot": "Two best friends witness a murder and embark on a series of adventures in order to prove the innocence of the man wrongly accused of the crime.",
    "Language": "English",
    "Country": "USA",
    "Awards": "1 win & 5 nominations.",
    "Poster": "https://m.media-amazon.com/images/M/MV5BN2ZkZTMxOTAtMzg1Mi00M2U0LWE2NWItZDg4YmQyZjVkMDdhXkEyXkFqcGdeQXVyNTM5NzI0NDY@._V1_SX300.jpg",
    "Ratings": [
      {
        "Source": "Internet Movie Database",
        "Value": "5.5/10"
      },
      {
        "Source": "Rotten Tomatoes",
        "Value": "25%"
      }
    ],
    "Metascore": "N/A",
    "imdbRating": "5.5",
    "imdbVotes": "9,621",
    "imdbID": "tt0112302",
    "Type": "movie",
    "DVD": "06 May 2003",
    "BoxOffice": "N/A",
    "Production": "Buena Vista",
    "Website": "N/A",
    "Response": "True",
    "url":"http://localhost:3000/movies/8"
  }