{
    "Title": "Sudden Death",
    "Year": "1995",
    "Rated": "R",
    "Released": "22 Dec 1995",
    "Runtime": "111 min",
    "Genre": "Action, Crime, Thriller",
    "Director": "Peter Hyams",
    "Writer": "Karen Elise Baldwin (story), Gene Quintano (screenplay)",
    "Actors": "Jean-Claude Van Damme, Powers Boothe, Raymond J. Barry, Whittni Wright",
    "Plot": "A former fireman takes on a group of terrorists holding the Vice President and others hostage during the seventh game of the NHL Stanley Cup finals.",
    "Language": "English",
    "Country": "USA",
    "Awards": "N/A",
    "Poster": "https://m.media-amazon.com/images/M/MV5BN2NjYWE5NjMtODlmZC00MjJhLWFkZTktYTJlZTI4YjVkMGNmXkEyXkFqcGdeQXVyNDc2NjEyMw@@._V1_SX300.jpg",
    "Ratings": [
      {
        "Source": "Internet Movie Database",
        "Value": "5.8/10"
      },
      {
        "Source": "Rotten Tomatoes",
        "Value": "51%"
      }
    ],
    "Metascore": "N/A",
    "imdbRating": "5.8",
    "imdbVotes": "31,424",
    "imdbID": "tt0114576",
    "Type": "movie",
    "DVD": "01 Nov 1998",
    "BoxOffice": "N/A",
    "Production": "MCA Universal Home Video",
    "Website": "N/A",
    "Response": "True",
    "url":"http://localhost:3000/movies/9"
  }